{"dataset": "final_data_values.csv", "model_name": "Decision Tree", "metrics": {"accuracy": 0.9593657086223984, "precision": 0.9594590897164574, "recall": 0.9593657086223984, "f1_score": 0.9594032518141984}, "feature_count": 42}