{
  "dataset": "final_data_values.csv",
  "model_name": "Decision Tree",
  "task_type": "classification",
  "metrics": {
    "accuracy": 0.9593657086223984,
    "precision": 0.9594590897164574,
    "recall": 0.9593657086223984,
    "f1_score": 0.9594032518141984,
    "r2_score": 0.8227169487893722,
    "train_accuracy": 1.0,
    "train_r2": 1.0,
    "overfit_gap": 0.04063429137760155,
    "training_time_seconds": 0.417,
    "n_train_samples": 8068,
    "n_test_samples": 2018,
    "cv_score": null,
    "parameters": {
      "max_depth": null,
      "min_samples_split": 2,
      "min_samples_leaf": 1,
      "random_state": 42
    }
  },
  "feature_count": 42,
  "trained_at": "2026-02-05 16:15:06"
}